<?xml version="1.0" encoding="UTF-8"?>
<export version="E">
  <design>
    <source>E:\kicads\jonathan\touch_switch\touch_switch.kicad_sch</source>
    <date>8/26/2025 11:20:41 PM</date>
    <tool>Eeschema 7.0.9</tool>
    <sheet number="1" name="/" tstamps="/">
      <title_block>
        <title/>
        <company/>
        <rev/>
        <date/>
        <source>touch_switch.kicad_sch</source>
        <comment number="1" value=""/>
        <comment number="2" value=""/>
        <comment number="3" value=""/>
        <comment number="4" value=""/>
        <comment number="5" value=""/>
        <comment number="6" value=""/>
        <comment number="7" value=""/>
        <comment number="8" value=""/>
        <comment number="9" value=""/>
      </title_block>
    </sheet>
  </design>
  <components>
    <comp ref="C1">
      <value>C</value>
      <footprint>Capacitor_SMD:C_0805_2012Metric</footprint>
      <libsource lib="Device" part="C" description="Unpolarized capacitor"/>
      <property name="Sheetname" value=""/>
      <property name="Sheetfile" value="touch_switch.kicad_sch"/>
      <property name="ki_description" value="Unpolarized capacitor"/>
      <property name="ki_keywords" value="cap capacitor"/>
      <sheetpath names="/" tstamps="/"/>
      <tstamps>898ba0a4-75e1-495e-896d-9af89251e14e</tstamps>
    </comp>
    <comp ref="C2">
      <value>1uF</value>
      <footprint>Capacitor_SMD:C_1206_3216Metric</footprint>
      <fields>
        <field name="Supplier">Digikey</field>
        <field name="Supplier Part Number 1">CL31B105KBHNNNE</field>
      </fields>
      <libsource lib="" part="C_1" description="Unpolarized capacitor"/>
      <property name="Supplier Part Number 1" value="CL31B105KBHNNNE"/>
      <property name="Supplier" value="Digikey"/>
      <property name="Sheetname" value=""/>
      <property name="Sheetfile" value="touch_switch.kicad_sch"/>
      <property name="ki_description" value="Unpolarized capacitor"/>
      <property name="ki_keywords" value="cap capacitor"/>
      <sheetpath names="/" tstamps="/"/>
      <tstamps>5b6f4a81-cc50-4f16-bb22-33432f7de2ca</tstamps>
    </comp>
    <comp ref="D1">
      <value>LED</value>
      <footprint>LED_SMD:LED_0805_2012Metric</footprint>
      <fields>
        <field name="Supplier">Digikey</field>
        <field name="Supplier Part Number 1">LG R971-KN-1-0-20-R18</field>
      </fields>
      <libsource lib="Device" part="LED" description="Light emitting diode"/>
      <property name="Supplier Part Number 1" value="LG R971-KN-1-0-20-R18"/>
      <property name="Supplier" value="Digikey"/>
      <property name="Sheetname" value=""/>
      <property name="Sheetfile" value="touch_switch.kicad_sch"/>
      <property name="ki_description" value="Light emitting diode"/>
      <property name="ki_keywords" value="LED diode"/>
      <sheetpath names="/" tstamps="/"/>
      <tstamps>f6b60865-cd82-441b-9ffa-c243e4ef1f4f</tstamps>
    </comp>
    <comp ref="J1">
      <value>USB_B</value>
      <footprint>Connector_USB:USB_B_Lumberg_2411_02_Horizontal</footprint>
      <datasheet> ~</datasheet>
      <fields>
        <field name="Supplier">Digikey</field>
        <field name="Supplier Part Number 1">5405-241106-ND</field>
      </fields>
      <libsource lib="Connector" part="USB_B" description="USB Type B connector"/>
      <property name="Supplier Part Number 1" value="5405-241106-ND"/>
      <property name="Supplier" value="Digikey"/>
      <property name="Sheetname" value=""/>
      <property name="Sheetfile" value="touch_switch.kicad_sch"/>
      <property name="ki_description" value="USB Type B connector"/>
      <property name="ki_keywords" value="connector USB"/>
      <sheetpath names="/" tstamps="/"/>
      <tstamps>99918a94-8660-4cb5-9c15-c6a45a24077a</tstamps>
    </comp>
    <comp ref="J2">
      <value>Conn_01x02</value>
      <footprint>TerminalBlock:TerminalBlock_bornier-2_P5.08mm</footprint>
      <fields>
        <field name="Supplier">Digikey</field>
        <field name="Supplier Part Number 1">TB006-508-02BE</field>
      </fields>
      <libsource lib="Connector_Generic" part="Conn_01x02" description="Generic connector, single row, 01x02, script generated (kicad-library-utils/schlib/autogen/connector/)"/>
      <property name="Supplier Part Number 1" value="TB006-508-02BE"/>
      <property name="Supplier" value="Digikey"/>
      <property name="Sheetname" value=""/>
      <property name="Sheetfile" value="touch_switch.kicad_sch"/>
      <property name="ki_description" value="Generic connector, single row, 01x02, script generated (kicad-library-utils/schlib/autogen/connector/)"/>
      <property name="ki_keywords" value="connector"/>
      <sheetpath names="/" tstamps="/"/>
      <tstamps>a462dd46-5860-4cfe-9f7f-977e0cbdb214</tstamps>
    </comp>
    <comp ref="J3">
      <value>Conn_01x02</value>
      <footprint>TerminalBlock:TerminalBlock_bornier-2_P5.08mm</footprint>
      <fields>
        <field name="Supplier">Digikey</field>
        <field name="Supplier Part Number 1">TB006-508-02BE</field>
      </fields>
      <libsource lib="Connector_Generic" part="Conn_01x02" description="Generic connector, single row, 01x02, script generated (kicad-library-utils/schlib/autogen/connector/)"/>
      <property name="Supplier Part Number 1" value="TB006-508-02BE"/>
      <property name="Supplier" value="Digikey"/>
      <property name="Sheetname" value=""/>
      <property name="Sheetfile" value="touch_switch.kicad_sch"/>
      <property name="ki_description" value="Generic connector, single row, 01x02, script generated (kicad-library-utils/schlib/autogen/connector/)"/>
      <property name="ki_keywords" value="connector"/>
      <sheetpath names="/" tstamps="/"/>
      <tstamps>e59c97af-c42e-464d-b95c-6fe5ac18703c</tstamps>
    </comp>
    <comp ref="R1">
      <value>3K3</value>
      <footprint>Resistor_SMD:R_0805_2012Metric</footprint>
      <fields>
        <field name="Supplier">Digikey</field>
        <field name="Supplier Part Number 1">408-1639-2-ND</field>
      </fields>
      <libsource lib="" part="R_1" description="Resistor"/>
      <property name="Supplier Part Number 1" value="408-1639-2-ND"/>
      <property name="Supplier" value="Digikey"/>
      <property name="Sheetname" value=""/>
      <property name="Sheetfile" value="touch_switch.kicad_sch"/>
      <property name="ki_description" value="Resistor"/>
      <property name="ki_keywords" value="R res resistor"/>
      <sheetpath names="/" tstamps="/"/>
      <tstamps>ddd53360-9a88-40cc-bc05-d0618a8e5028</tstamps>
    </comp>
    <comp ref="R2">
      <value>330</value>
      <footprint>Resistor_SMD:R_0805_2012Metric</footprint>
      <fields>
        <field name="Supplier Part Number 1">CR0805-JW-331ELFTR-ND</field>
      </fields>
      <libsource lib="Device" part="R_Small" description="Resistor, small symbol"/>
      <property name="Supplier Part Number 1" value="CR0805-JW-331ELFTR-ND"/>
      <property name="Sheetname" value=""/>
      <property name="Sheetfile" value="touch_switch.kicad_sch"/>
      <property name="ki_description" value="Resistor, small symbol"/>
      <property name="ki_keywords" value="R resistor"/>
      <sheetpath names="/" tstamps="/"/>
      <tstamps>54923028-d3c8-4b74-ab2b-5427c10c3fac</tstamps>
    </comp>
    <comp ref="U1">
      <value>TTP223-BA6</value>
      <footprint>TTP223-BA6:SOT23-6</footprint>
      <fields>
        <field name="Description">
                        
                            
                        
</field>
        <field name="LIB">CID</field>
        <field name="MF">tontek</field>
        <field name="MP">TTP223-BA6</field>
        <field name="Package">None</field>
        <field name="Supplier">LCSC</field>
        <field name="Supplier Part Number 1">C42422127</field>
      </fields>
      <libsource lib="TTP223-BA6" part="TTP223-BA6" description=""/>
      <property name="MF" value="tontek"/>
      <property name="Description" value="&#xA;                        &#xA;                            &#xA;                        &#xA;"/>
      <property name="LIB" value="CID"/>
      <property name="Package" value="None"/>
      <property name="MP" value="TTP223-BA6"/>
      <property name="Supplier Part Number 1" value="C42422127"/>
      <property name="Supplier" value="LCSC"/>
      <property name="Sheetname" value=""/>
      <property name="Sheetfile" value="touch_switch.kicad_sch"/>
      <sheetpath names="/" tstamps="/"/>
      <tstamps>6ef22e01-edcc-4b67-9806-cfd032845135</tstamps>
    </comp>
    <comp ref="U2">
      <value>H11F1S</value>
      <footprint>H11F1SM:OPTOCOUPLER_H11F3SR2M</footprint>
      <fields>
        <field name="Supplier Part Number 1">H11F1SM-ND</field>
      </fields>
      <libsource lib="touch_switch" part="H11F1S" description=""/>
      <property name="Supplier Part Number 1" value="H11F1SM-ND"/>
      <property name="Sheetname" value=""/>
      <property name="Sheetfile" value="touch_switch.kicad_sch"/>
      <sheetpath names="/" tstamps="/"/>
      <tstamps>0bac0406-297f-4067-8732-38ee7ee36dfd</tstamps>
    </comp>
  </components>
  <libparts>
    <libpart lib="" part="C_1">
      <description>Unpolarized capacitor</description>
      <docs>~</docs>
      <footprints>
        <fp>C_*</fp>
      </footprints>
      <fields>
        <field name="Reference">C2</field>
        <field name="Value">1uF</field>
        <field name="Footprint">Capacitor_SMD:C_1206_3216Metric</field>
        <field name="Datasheet">~</field>
      </fields>
      <pins>
        <pin num="1" name="" type="passive"/>
        <pin num="2" name="" type="passive"/>
      </pins>
    </libpart>
    <libpart lib="" part="R_1">
      <description>Resistor</description>
      <docs>~</docs>
      <footprints>
        <fp>R_*</fp>
      </footprints>
      <fields>
        <field name="Reference">R1</field>
        <field name="Value">3K3</field>
        <field name="Footprint">Resistor_SMD:R_0805_2012Metric</field>
        <field name="Datasheet">~</field>
        <field name="Supplier Part Number 1">408-1639-2-ND</field>
      </fields>
      <pins>
        <pin num="1" name="" type="passive"/>
        <pin num="2" name="" type="passive"/>
      </pins>
    </libpart>
    <libpart lib="Connector" part="USB_B">
      <description>USB Type B connector</description>
      <docs> ~</docs>
      <footprints>
        <fp>USB*</fp>
      </footprints>
      <fields>
        <field name="Reference">J1</field>
        <field name="Value">USB_B</field>
        <field name="Footprint">Connector_USB:USB_B_Lumberg_2411_02_Horizontal</field>
        <field name="Datasheet"> ~</field>
        <field name="Supplier Part Number 1">5405-241106-ND</field>
      </fields>
      <pins>
        <pin num="1" name="VBUS" type="power_out"/>
        <pin num="2" name="D-" type="bidirectional"/>
        <pin num="3" name="D+" type="bidirectional"/>
        <pin num="4" name="GND" type="power_out"/>
        <pin num="5" name="Shield" type="passive"/>
      </pins>
    </libpart>
    <libpart lib="Connector_Generic" part="Conn_01x02">
      <description>Generic connector, single row, 01x02, script generated (kicad-library-utils/schlib/autogen/connector/)</description>
      <docs>~</docs>
      <footprints>
        <fp>Connector*:*_1x??_*</fp>
      </footprints>
      <fields>
        <field name="Reference">J</field>
        <field name="Value">Conn_01x02</field>
        <field name="Datasheet">~</field>
      </fields>
      <pins>
        <pin num="1" name="Pin_1" type="passive"/>
        <pin num="2" name="Pin_2" type="passive"/>
      </pins>
    </libpart>
    <libpart lib="Device" part="C">
      <description>Unpolarized capacitor</description>
      <docs>~</docs>
      <footprints>
        <fp>C_*</fp>
      </footprints>
      <fields>
        <field name="Reference">C</field>
        <field name="Value">C</field>
        <field name="Datasheet">~</field>
      </fields>
      <pins>
        <pin num="1" name="" type="passive"/>
        <pin num="2" name="" type="passive"/>
      </pins>
    </libpart>
    <libpart lib="Device" part="LED">
      <description>Light emitting diode</description>
      <docs>~</docs>
      <footprints>
        <fp>LED*</fp>
        <fp>LED_SMD:*</fp>
        <fp>LED_THT:*</fp>
      </footprints>
      <fields>
        <field name="Reference">D</field>
        <field name="Value">LED</field>
        <field name="Datasheet">~</field>
      </fields>
      <pins>
        <pin num="1" name="K" type="passive"/>
        <pin num="2" name="A" type="passive"/>
      </pins>
    </libpart>
    <libpart lib="Device" part="R_Small">
      <description>Resistor, small symbol</description>
      <docs>~</docs>
      <footprints>
        <fp>R_*</fp>
      </footprints>
      <fields>
        <field name="Reference">R</field>
        <field name="Value">R_Small</field>
        <field name="Datasheet">~</field>
      </fields>
      <pins>
        <pin num="1" name="" type="passive"/>
        <pin num="2" name="" type="passive"/>
      </pins>
    </libpart>
    <libpart lib="TTP223-BA6" part="TTP223-BA6">
      <fields>
        <field name="Reference">U</field>
        <field name="Value">TTP223-BA6</field>
        <field name="Footprint">TTP223-BA6:SOT23-6</field>
        <field name="MF">tontek</field>
        <field name="Description">
                        
                            
                        
</field>
        <field name="LIB">CID</field>
        <field name="Package">None</field>
        <field name="MP">TTP223-BA6</field>
      </fields>
      <pins>
        <pin num="1" name="Q" type="output"/>
        <pin num="2" name="VSS" type="power_in"/>
        <pin num="3" name="I" type="bidirectional"/>
        <pin num="4" name="AHLB" type="input"/>
        <pin num="5" name="VDD" type="power_in"/>
        <pin num="6" name="TOG" type="input"/>
      </pins>
    </libpart>
    <libpart lib="touch_switch" part="H11F1S">
      <fields>
        <field name="Reference">U</field>
        <field name="Footprint">H11F1SM:OPTOCOUPLER_H11F3SR2M</field>
        <field name="Supplier Part Number 1">H11F1SM-ND</field>
      </fields>
      <pins>
        <pin num="1" name="1" type="passive"/>
        <pin num="2" name="2" type="passive"/>
        <pin num="3" name="3" type="passive"/>
        <pin num="4" name="4" type="passive"/>
        <pin num="5" name="5" type="passive"/>
        <pin num="6" name="6" type="passive"/>
      </pins>
    </libpart>
  </libparts>
  <libraries>
    <library logical="Connector">
      <uri>C:\Program Files\KiCad\7.0\share\kicad\symbols\/Connector.kicad_sym</uri>
    </library>
    <library logical="Connector_Generic">
      <uri>C:\Program Files\KiCad\7.0\share\kicad\symbols\/Connector_Generic.kicad_sym</uri>
    </library>
    <library logical="Device">
      <uri>C:\Program Files\KiCad\7.0\share\kicad\symbols\/Device.kicad_sym</uri>
    </library>
    <library logical="TTP223-BA6">
      <uri>E:\kicads\jonathan\touch_switch/TTP223-BA6/TTP223-BA6.kicad_sym</uri>
    </library>
    <library logical="touch_switch">
      <uri>E:\kicads\jonathan\touch_switch/touch_switch.kicad_sym</uri>
    </library>
  </libraries>
  <nets>
    <net code="1" name="+5V">
      <node ref="C2" pin="1" pintype="passive"/>
      <node ref="J1" pin="1" pinfunction="VBUS" pintype="power_out"/>
      <node ref="U1" pin="5" pinfunction="VDD" pintype="power_in"/>
    </net>
    <net code="2" name="GND">
      <node ref="C1" pin="2" pintype="passive"/>
      <node ref="C2" pin="2" pintype="passive"/>
      <node ref="D1" pin="1" pinfunction="K" pintype="passive"/>
      <node ref="J1" pin="4" pinfunction="GND" pintype="power_out"/>
      <node ref="J1" pin="5" pinfunction="Shield" pintype="passive"/>
      <node ref="U1" pin="2" pinfunction="VSS" pintype="power_in"/>
      <node ref="U2" pin="2" pinfunction="2" pintype="passive"/>
    </net>
    <net code="3" name="Net-(D1-A)">
      <node ref="D1" pin="2" pinfunction="A" pintype="passive"/>
      <node ref="R1" pin="2" pintype="passive"/>
    </net>
    <net code="4" name="Net-(J2-Pin_1)">
      <node ref="J2" pin="1" pinfunction="Pin_1" pintype="passive"/>
      <node ref="U2" pin="6" pinfunction="6" pintype="passive"/>
    </net>
    <net code="5" name="Net-(J2-Pin_2)">
      <node ref="J2" pin="2" pinfunction="Pin_2" pintype="passive"/>
      <node ref="U2" pin="4" pinfunction="4" pintype="passive"/>
    </net>
    <net code="6" name="Net-(J3-Pin_1)">
      <node ref="C1" pin="1" pintype="passive"/>
      <node ref="J3" pin="1" pinfunction="Pin_1" pintype="passive"/>
      <node ref="J3" pin="2" pinfunction="Pin_2" pintype="passive"/>
      <node ref="U1" pin="3" pinfunction="I" pintype="bidirectional"/>
    </net>
    <net code="7" name="Net-(R2-Pad2)">
      <node ref="R2" pin="2" pintype="passive"/>
      <node ref="U2" pin="1" pinfunction="1" pintype="passive"/>
    </net>
    <net code="8" name="Net-(U1-Q)">
      <node ref="R1" pin="1" pintype="passive"/>
      <node ref="R2" pin="1" pintype="passive"/>
      <node ref="U1" pin="1" pinfunction="Q" pintype="output"/>
    </net>
    <net code="9" name="unconnected-(J1-D+-Pad3)">
      <node ref="J1" pin="3" pinfunction="D+" pintype="bidirectional"/>
    </net>
    <net code="10" name="unconnected-(J1-D--Pad2)">
      <node ref="J1" pin="2" pinfunction="D-" pintype="bidirectional"/>
    </net>
    <net code="11" name="unconnected-(U1-AHLB-Pad4)">
      <node ref="U1" pin="4" pinfunction="AHLB" pintype="input+no_connect"/>
    </net>
    <net code="12" name="unconnected-(U1-TOG-Pad6)">
      <node ref="U1" pin="6" pinfunction="TOG" pintype="input+no_connect"/>
    </net>
    <net code="13" name="unconnected-(U2-Pad3)">
      <node ref="U2" pin="3" pinfunction="3" pintype="passive"/>
    </net>
    <net code="14" name="unconnected-(U2-Pad5)">
      <node ref="U2" pin="5" pinfunction="5" pintype="passive"/>
    </net>
  </nets>
</export>
