0.1,0.05,-4.20054230639,-4.20054230639,0.0,
0.2,0.1,4.33202636059,4.33202636059,85.3256866698,
0.3,0.15,-2.58252719762,12.8020311569,85.2695050943,
0.4,0.2,3.38976022691,21.2424421173,85.1986671724,
0.5,0.25,1.32037776431,29.601539845,85.0776047752,
0.6,0.3,3.34456482669,37.8821857143,84.9191085813,
0.7,0.35,2.10426340563,46.0437579158,84.7041508875,
0.8,0.4,2.88392936254,54.078620291,84.4385146872,
0.9,0.45,5.18982743229,61.9806182139,84.1274215087,
1.0,0.5,1.71067636838,69.6720099091,83.7360666263,
1.1,0.55,-2.28674719636,77.1148817169,83.2573092012,
1.2,0.6,-1.1407268332,84.3413606496,82.7196159059,
1.3,0.65,3.41904244619,91.3799677209,82.144416281,
1.4,0.7,4.07874467311,98.1640395161,81.5068821784,
1.5,0.75,2.454921442,104.639145585,80.7915956127,
1.6,0.8,2.95572104957,110.819880009,80.0138810793,
1.7,0.85,3.18393841647,116.686888424,79.1732720959,
1.8,0.9,-2.07829729283,122.1195897,78.2309444475,
1.9,0.95,5.21334620934,127.353691009,77.2839201905,
2.0,1.0,-0.916147572056,132.105883741,76.2324266506,
2.1,1.05,1.19117745908,136.544153108,75.1441235132,
2.2,1.1,1.37997443819,140.624310435,74.0077375085,
2.3,1.15,2.96757032257,144.381238909,72.8387202331,
2.4,1.2,2.76139883185,147.773257516,71.6267956272,
2.5,1.25,2.59688236893,150.804981633,70.3768441244,
2.6,1.3,-2.6973992738,153.338275055,69.0511446814,
2.7,1.35,-0.161350396797,155.598525399,67.720167143,
2.8,1.4,5.48268928573,157.693193451,66.4140264188,
2.9,1.45,-1.498310463,159.255972273,65.0307288763,
3.0,1.5,-2.41360150501,160.479917718,63.6270030388,
3.1,1.55,7.00053247056,161.709872783,62.2935511153,
3.2,1.6,5.11095202501,162.600817755,60.9374540768,
3.3,1.65,0.705133641464,163.081388814,59.5421465863,
3.4,1.7,6.72667200005,163.517607707,58.1989323853,
3.5,1.75,2.53190731486,163.57680857,56.8247309347,
3.6,1.8,3.6356408241,163.457423732,55.4674994597,
3.7,1.85,4.8761002551,163.180397573,54.1306190474,
3.8,1.9,4.94345045154,162.719241648,52.8065210393,
3.9,1.95,-1.22851384258,161.862392337,51.4472166389,
4.0,2.0,3.36416052717,161.017385208,50.1429922838,
4.1,2.05,8.89491380099,160.233131089,48.9009327569,
4.2,2.1,2.58145524226,159.082196799,47.627248699,
4.3,2.15,5.05859585678,157.906584979,46.394178785,
4.4,2.2,1.15327659126,156.477638038,45.1525149611,
4.5,2.25,2.23423157665,154.996111774,43.9427774301,
4.6,2.3,3.22142035342,153.468639416,42.7643856457,
4.7,2.35,3.55073729141,151.879588032,41.6124443327,
4.8,2.4,-1.7682570505,150.022495466,40.4453562499,
4.9,2.45,3.47215641464,148.312466573,39.3429284562,
5.0,2.5,6.73892841415,146.678552274,38.2886189084,
5.1,2.55,1.43629452046,144.797404447,37.2195532947,
5.2,2.6,0.174777751432,142.834308365,36.1665937477,
5.3,2.65,2.09983345098,140.918438159,35.1524458619,
5.4,2.7,4.59918809923,139.075771055,34.1800135015,
5.5,2.75,13.1621004939,137.54137945,33.2896917522,
5.6,2.8,0.493421016989,135.500034285,32.3329887876,
5.7,2.85,2.88609983633,133.542632377,31.4162992548,
5.8,2.9,1.98022047799,131.544815846,30.5161785783,
5.9,2.95,4.74773159024,129.650660113,29.6568248606,
6.0,3.0,2.59968662096,127.673608541,28.8044717414,
6.1,3.05,6.78278121401,125.858573923,28.0005674163,
6.2,3.1,2.78716775758,123.894221279,27.1904301976,
6.3,3.15,1.63961579711,121.894159556,26.3931995439,
6.4,3.2,2.44007531166,119.934743332,25.6210819672,
6.5,3.25,0.70836985217,117.921644877,24.8573901695,
6.6,3.3,4.55116414678,116.066861807,24.1368636833,
6.7,3.35,-0.518572004172,114.03473965,23.4026987726,
6.8,3.4,5.27137678021,112.236043769,22.7225559016,
6.9,3.45,11.1176267973,110.667875287,22.0943821933,
7.0,3.5,5.22866361737,108.890522787,21.4450912611,
7.1,3.55,5.87564349819,107.152031448,20.8152689846,
7.2,3.6,-2.69725948357,105.11291049,20.1494343345,
7.3,3.65,8.55176980073,103.509760552,19.5668713024,
7.4,3.7,-1.8106962936,101.540834623,18.9368704003,
7.5,3.75,2.94617349121,99.768363276,18.3503001341,
7.6,3.8,4.33474474175,98.0652944645,17.7858119057,
7.7,3.85,2.63075182618,96.3182776417,17.2247753145,
7.8,3.9,-2.54412715245,94.4035872047,16.6473590939,
7.9,3.95,0.163568127474,92.6104589923,16.0995982618,
8.0,4.0,2.27313377691,90.9147415435,15.5769763642,
8.1,4.05,5.82838882656,89.3662156956,15.0867607702,
8.2,4.1,9.54380677993,87.9672331211,14.6286137858,
8.3,4.15,6.03401705677,86.4567342611,14.1607793056,
8.4,4.2,-0.00554042693964,84.7480102207,13.6697319156,
8.5,4.25,0.449752184416,83.0768360543,13.1928228811,
8.6,4.3,6.50852864856,81.640860199,12.76072599,
8.7,4.35,4.84989582533,80.1622050579,12.3290550989,
8.8,4.4,6.67138538975,78.7647546211,11.9171437317,
8.9,4.45,1.09363271742,77.1869633354,11.4836692658,
9.0,4.5,0.608919329989,75.6119905368,11.0575914849,
9.1,4.55,6.22143427788,74.2532260313,10.6721160755,
9.2,4.6,-0.114651009918,72.6889350726,10.2605950602,
9.3,4.65,7.6615717609,71.4155638624,9.90102944381,
9.4,4.7,3.29240799197,70.0045570752,9.52555381768,
9.5,4.75,2.50757349675,68.5836739819,9.15436126579,
9.6,4.8,4.11372888128,67.2361537731,8.80037534884,
9.7,4.85,9.03470289983,66.075082079,8.48100171784,
9.8,4.9,6.92436815353,64.8539561244,8.15711304004,
9.9,4.95,6.11164744618,63.6190387623,7.8359988734,
10.0,5.0,8.68635220325,62.4873191393,7.53592676692,
10.1,5.05,4.7364288468,61.2327853558,7.22114286747,
10.2,5.1,0.443596810795,59.8466117775,6.89046023486,
10.3,5.15,6.29299448161,58.679055353,6.59906574732,
10.4,5.2,1.50257274491,57.3619401123,6.28855706722,
10.5,5.25,-0.509368754339,55.9935627587,5.97464505043,
10.6,5.3,-1.99458247865,54.5932250957,5.66040335239,
10.7,5.35,11.3742827851,53.6678296899,5.4256231297,
10.8,5.4,2.70735611451,52.4578943481,5.1495196508,
10.9,5.45,0.0532399918953,51.173920318,4.8658613724,
11.0,5.5,2.06530130804,49.9761474047,4.60003789506,
11.1,5.55,3.56370112932,48.8456408114,4.34880355271,
11.2,5.6,3.46393173114,47.7270957509,4.10320673728,
11.3,5.65,6.58924956363,46.7297732891,3.88045585245,
11.4,5.7,8.04100312934,45.7948290993,3.67090886578,
11.5,5.75,7.59599942585,44.857070204,3.46404440142,
11.6,5.8,7.26315021919,43.9205548182,3.26046836541,
11.7,5.85,5.5347422249,42.9383068295,3.05267348575,
11.8,5.9,1.8286851584,41.8446249833,2.83027458864,
11.9,5.95,8.54129849482,40.9936547724,2.64983042726,
12.0,6.0,6.13695787361,40.0732847389,2.46104168354,
12.1,6.05,7.3351510398,39.2065799415,2.28364576141,
12.2,6.1,13.8524143982,38.572130465,2.14597835159,
12.3,6.15,9.03627526152,37.7836288896,1.98578501486,
12.4,6.2,5.69654485134,36.8938959896,1.81183068935,
12.5,6.25,2.62857946046,35.9141722542,1.62611204887,
12.6,6.3,10.3835372119,35.2110284278,1.48749288728,
12.7,6.35,2.95670804895,34.2680853057,1.31255164009,
12.8,6.4,6.48159740054,33.4588678432,1.16171913158,
12.9,6.45,8.22508322471,32.7211383241,1.02466054938,
13.0,6.5,5.93574552399,31.9179474698,0.879180173197,
13.1,6.55,5.26346003029,31.1051314792,0.734379115448,
13.2,6.6,6.19485577286,30.3370721448,0.598999166621,
13.3,6.65,7.87342450716,29.6383202435,0.476857897329,
13.4,6.7,3.57747305444,28.8065624995,0.335168353151,
13.5,6.75,13.3810632787,28.3193209057,0.25120929306,
13.6,6.8,3.81495020109,27.518060332,0.11788642272,
13.7,6.85,5.43866930335,26.7855343073,-0.00227491684941,
13.8,6.9,6.31429004684,26.0954956567,-0.113707903503,
13.9,6.95,7.60958053815,25.4615026064,-0.214348868483,
14.0,7.0,10.9049491767,24.9501354399,-0.293588785249,
14.1,7.05,1.85846022122,24.143289922,-0.419408856054,
14.2,7.1,4.14092082032,23.4283136739,-0.528385936004,
14.3,7.15,3.82256447104,22.7160545146,-0.635215479468,
14.4,7.2,9.54302590243,22.2103265335,-0.706892000628,
14.5,7.25,7.38724646928,21.6419084131,-0.787607915574,
14.6,7.3,5.45626589738,21.019600195,-0.875795964178,
14.7,7.35,6.38772554686,20.4410929388,-0.955482958538,
14.8,7.4,4.13938357765,19.7983941543,-1.04433474786,
14.9,7.45,4.61394786506,19.1847086505,-1.12706674637,
15.0,7.5,10.2100683703,18.7726609644,-1.17571647148,
15.1,7.55,9.76120666466,18.3545939899,-1.22457242845,
15.2,7.6,6.74150671511,17.8438072503,-1.28773185572,
15.3,7.65,10.9109836155,17.4850299603,-1.3251535913,
15.4,7.7,10.4590706473,17.1194282397,-1.36308932115,
15.5,7.75,7.19065419656,16.651922639,-1.41700979056,
15.6,7.8,11.0161116673,16.3243534583,-1.4472790633,
15.7,7.85,7.44945094194,15.8842022386,-1.4954033256,
15.8,7.9,1.96379341551,15.2685423815,-1.57135414762,
15.9,7.95,7.44581182577,14.8518720463,-1.61365415757,
16.0,8.0,10.0599316895,14.5336877215,-1.63921919275,
16.1,8.05,3.18732030901,13.9909628689,-1.70098649051,
16.2,8.1,5.9217549042,13.553214391,-1.74463844939,
16.3,8.15,6.09588023092,13.1319177666,-1.78490324406,
16.4,8.2,9.21641034552,12.826739375,-1.80557316595,
16.5,8.25,7.73197818939,12.4795444656,-1.83276580451,
16.6,8.3,9.81144203385,12.2119880554,-1.84652117275,
16.7,8.35,8.71492822353,11.914958809,-1.86486508062,
16.8,8.4,9.79382348566,11.6628213222,-1.87558313182,
16.9,8.45,3.58224306362,11.2073550907,-1.91932691981,
17.0,8.5,11.7111132428,11.0390413278,-1.91546997912,
17.1,8.55,5.77501833338,10.6752425653,-1.94360156676,
17.2,8.6,4.94537971363,10.2928647509,-1.97431108937,
17.3,8.65,11.6804104241,10.1492805082,-1.96551529723,
17.4,8.7,6.21077375372,9.82557496244,-1.98628743074,
17.5,8.75,14.6814811851,9.79873888867,-1.95822090087,
17.6,8.8,4.38898080298,9.42566976892,-1.98718052083,
17.7,8.85,0.146996312294,8.91821753234,-2.03762635433,
17.8,8.9,11.5887789824,8.81220614897,-2.0216533486,
17.9,8.95,18.0664927511,8.93170169039,-1.96908994348,
18.0,9.0,16.9823607143,9.01538591572,-1.9232355769,
18.1,9.05,10.9694396964,8.8960982595,-1.91129966287,
18.2,9.1,7.31020237716,8.65749946618,-1.91905750924,
18.3,9.15,6.54784879603,8.40031483894,-1.92972633176,
18.4,9.2,11.7791968912,8.32894626413,-1.90985161603,
18.5,9.25,10.4327193474,8.21609895915,-1.89708071903,
18.6,9.3,10.8116634993,8.12124591444,-1.88157737263,
18.7,9.35,7.88605213824,7.93148607832,-1.88183922581,
18.8,9.4,7.73321618988,7.74295856628,-1.88189538363,
18.9,9.45,10.6508848473,7.66025657588,-1.86465401056,
19.0,9.5,6.21016038597,7.43073219379,-1.87169175152,
19.1,9.55,13.1857952594,7.44607496374,-1.83859253317,
19.2,9.6,15.3751671846,7.53874130159,-1.79339666137,
19.3,9.65,5.18986480413,7.28544504352,-1.8054841353,
19.4,9.7,15.506208579,7.39131996764,-1.75867169845,
19.5,9.75,6.94969851298,7.20639148661,-1.76015263732,
19.6,9.8,8.74510923642,7.08884915147,-1.75059625968,
19.7,9.85,9.30967774321,6.99549865435,-1.73724259029,
19.8,9.9,16.3185019765,7.14568253699,-1.68430760802,
19.9,9.95,9.30733184953,7.05673231265,-1.67131872153,
20.0,10.0,12.1437211227,7.0688385243,-1.64202793239,
20.1,10.05,6.97825495515,6.90714738659,-1.64161749209,
20.2,10.1,12.3085515247,6.93288131834,-1.61058664083,
20.3,10.15,9.80498112971,6.87532165371,-1.59367432632,
20.4,10.2,12.2516181847,6.90485966515,-1.56280697796,
20.5,10.25,7.64400745314,6.77913787495,-1.5578137621,
20.6,10.3,8.4285056899,6.68496642452,-1.54774721266,
20.7,10.35,13.0118502028,6.75142624806,-1.51160039049,
20.8,10.4,10.7167837137,6.74078181558,-1.48864266646,
20.9,10.45,12.2534086688,6.78518194753,-1.45706768485,
21.0,10.5,11.6775853484,6.81146937783,-1.42896861444,
21.1,10.55,15.0476444998,6.95463828302,-1.38223483395,
21.2,10.6,9.03250656527,6.89207723202,-1.3698744434,
21.3,10.65,9.92079630043,6.86317956059,-1.35221717999,
21.4,10.7,7.78835742486,6.76416577661,-1.346302524,
21.5,10.75,9.06404342155,6.71266681335,-1.33272322666,
21.6,10.8,13.3486410405,6.8105539762,-1.294964995,
21.7,10.85,4.64827265351,6.61163824146,-1.30630379323,
21.8,10.9,11.1401041099,6.64012103446,-1.28031532023,
21.9,10.95,16.4149746203,6.85029547897,-1.22507661367,
22.0,11.0,9.21894409929,6.81286922806,-1.21118077748,
22.1,11.05,10.451702824,6.82017014438,-1.19020745413,
22.2,11.1,9.70145616714,6.80362609514,-1.17347146812,
22.3,11.15,13.0880707195,6.90494061104,-1.1377616808,
22.4,11.2,16.7762486169,7.13222673912,-1.08206401467,
22.5,11.25,13.0368388394,7.22940604572,-1.0485240637,
22.6,11.3,16.826728849,7.45596750881,-0.994404777576,
22.7,11.35,4.90032827449,7.27262473516,-1.00810553781,
22.8,11.4,10.2800757556,7.27799254568,-0.990767634975,
22.9,11.45,13.8882182039,7.40810984596,-0.953343317495,
23.0,11.5,12.7857323173,7.49973821156,-0.92281549982,
23.1,11.55,10.0212956362,7.49674981755,-0.908235768471,
23.2,11.6,10.0385874936,7.4958636147,-0.893551159292,
23.3,11.65,17.5866732654,7.7542891466,-0.836768107392,
23.4,11.7,9.98745766961,7.74976263551,-0.823845287263,
23.5,11.75,9.3124381278,7.72357880905,-0.814669608836,
23.6,11.8,15.2806035479,7.90307047643,-0.772064655162,
23.7,11.85,16.319234408,8.11603084738,-0.724691916495,
23.8,11.9,12.1582783101,8.18413757572,-0.70174183575,
23.9,11.95,9.27546653516,8.15364546305,-0.695263544626,
24.0,12.0,16.3926049555,8.36797534121,-0.648923366981,
24.1,12.05,9.57348505025,8.34648603328,-0.641837831114,
24.2,12.1,10.3712991006,8.35367273557,-0.630186783112,
24.3,12.15,13.0552571281,8.45343716452,-0.603613230399,
24.4,12.2,14.935269496,8.61659126334,-0.567125908402,
24.5,12.25,14.0310454943,8.74680277744,-0.536612250406,
24.6,12.3,10.3613929811,8.75013801383,-0.527308210141,
24.7,12.35,12.4324567801,8.82501686485,-0.506477587483,
24.8,12.4,10.8427635892,8.8450368514,-0.494942122376,
24.9,12.45,14.0691604656,8.97571865849,-0.465531357734,
25.0,12.5,17.8848933311,9.2351430486,-0.41558606741,
25.1,12.55,15.8663235365,9.42156244671,-0.378373136784,
25.2,12.6,13.0424974468,9.50872922063,-0.357968856969,
25.3,12.65,11.5104403152,9.54254496643,-0.346606159272,
25.4,12.7,8.83370523153,9.48485064447,-0.350365864306,
25.5,12.75,17.7094476884,9.73200884986,-0.304304616132,
25.6,12.8,9.8323625179,9.70604669368,-0.303575282048,
25.7,12.85,13.9101664349,9.82036204461,-0.279961371181,
25.8,12.9,16.7166028867,10.0289353685,-0.241348082161,
25.9,12.95,14.8006170401,10.1686514056,-0.214604209362,
26.0,13.0,9.23067517336,10.1158779321,-0.219715124683,
26.1,13.05,14.3971958621,10.240929416,-0.195718156441,
26.2,13.1,18.3940614893,10.5005796417,-0.150143983975,
26.3,13.15,12.3885254677,10.5505801329,-0.139532403756,
26.4,13.2,16.8170115852,10.7511966547,-0.104510960901,
26.5,13.25,11.9269152711,10.7812710448,-0.0978965347718,
26.6,13.3,14.9792321417,10.9152388937,-0.0744330231112,
26.7,13.35,15.0824700662,11.0504227479,-0.0511540724726,
26.8,13.4,10.983079771,11.0431813491,-0.0515010661106,
26.9,13.45,9.87652074565,10.9983485703,-0.0579778560327,
27.0,13.5,13.5319399834,11.0793081022,-0.0438178301284,
27.1,13.55,12.8927755461,11.1370323515,-0.0336812640752,
27.2,13.6,10.6057815371,11.1156293795,-0.0366247958912,
27.3,13.65,12.5833506068,11.1622358762,-0.0284202286167,
27.4,13.7,11.2196338217,11.1614519129,-0.0280843263025,
27.5,13.75,15.7683893183,11.3161321428,-0.00238013976549,
27.6,13.8,17.8529947469,11.5392290385,0.0340709713309,
27.7,13.85,11.0586581037,11.5261014386,0.0313722995867,
27.8,13.9,17.5155285174,11.7337547664,0.0647518940456,
27.9,13.95,16.5414872548,11.9042601972,0.0915236764051,
28.0,14.0,7.54500544757,11.7641704966,0.0671655159356,
28.1,14.05,12.6997031014,11.8026190228,0.0723445677113,
28.2,14.1,11.288684677,11.7920483535,0.0694385504534,
28.3,14.15,16.7614208513,11.9685275325,0.0971088186597,
28.4,14.2,9.22706249004,11.884247993,0.0817684129352,
28.5,14.25,18.0731286577,12.1035803853,0.116231634959,
28.6,14.3,15.2855509464,12.2235141052,0.133909276714,
28.7,14.35,17.8744978635,12.4295053644,0.16534408216,
28.8,14.4,17.5173139898,12.6192924032,0.193621114199,
28.9,14.45,13.8655943208,12.6805710565,0.200462431049,
29.0,14.5,14.5036588902,12.7622154128,0.210516039546,
29.1,14.55,16.9673178568,12.9262084463,0.233845946595,
29.2,14.6,13.6357375583,12.9730340496,0.237671828286,
29.3,14.65,12.161268506,12.9682566481,0.233012971758,
29.4,14.7,12.166870376,12.9633838946,0.228414587086,
29.5,14.75,16.0746083591,13.0917346217,0.245635137483,
29.6,14.8,11.8472024953,13.0729417119,0.23855877141,
29.7,14.85,13.0285154138,13.0944648503,0.238178035893,
29.8,14.9,13.372694582,13.1269741777,0.239596615314,
29.9,14.95,14.6000999147,13.2004419477,0.247677046222,
30.0,15.0,7.28900062529,13.0224100484,0.214577216763,
30.1,15.05,17.7648523973,13.2051513929,0.240901066097,
30.2,15.1,12.837509708,13.2158587209,0.238716798234,
30.3,15.15,20.1561978315,13.476018377,0.277282541576,
30.4,15.2,15.0305428641,13.5559067054,0.28579585784,
30.5,15.25,23.239885555,13.9143444379,0.339633776764,
30.6,15.3,16.0263071745,14.0192986471,0.351220584371,
30.7,15.35,22.5457950672,14.3445120288,0.398568051668,
30.8,15.4,14.9933387252,14.4051731043,0.40196363959,
30.9,15.45,13.648917134,14.4181602295,0.397522654055,
31.0,15.5,17.0471105944,14.5463673821,0.41195993049,
31.1,15.55,15.7156461249,14.6261021124,0.418250086052,
31.2,15.6,17.7922473829,14.7746633985,0.435671219962,
31.3,15.65,15.457175748,14.8400588318,0.439233966767,
31.4,15.7,11.9584268822,14.784036361,0.422921106731,
31.5,15.75,9.95768944887,14.6600009455,0.395773607076,
31.6,15.8,14.8277228293,14.7039561135,0.396488140887,
31.7,15.85,17.2147798901,14.828027804,0.410267426715,
31.8,15.9,17.6857330035,14.9652808915,0.42597325944,
31.9,15.95,14.1550265697,14.9787421933,0.421217743166,
32.0,16.0,19.0061407594,15.1570132553,0.443439743734,
32.1,16.05,16.8835498811,15.258826107,0.452819701452,
32.2,16.1,16.3182226757,15.338753361,0.458474441804,
32.3,16.15,15.8149856027,15.3993040817,0.460874285954,
32.4,16.2,11.6656572359,15.3162640536,0.439798301681,
32.5,16.25,20.4245266542,15.5332555571,0.468037022619,
32.6,16.3,17.8127191207,15.6563338986,0.480486471125,
32.7,16.35,15.7399972538,15.7055992558,0.480685061139,
32.8,16.4,17.6386399875,15.8180643483,0.491195804652,
32.9,16.45,15.9759351458,15.8708992141,0.491802210063,
33.0,16.5,18.2022176016,15.9980445168,0.504527606776,
33.1,16.55,15.5678991416,16.0320785139,0.501847747893,
33.2,16.6,17.6488811492,16.1357839668,0.510583360324,
33.3,16.65,13.8962091184,16.1085869143,0.497810555798,
33.4,16.7,14.0417180723,16.0860563808,0.48600788826,
33.5,16.75,15.2541507743,16.1045762184,0.481098085143,
33.6,16.8,20.1336770881,16.2886896349,0.503296561956,
33.7,16.85,13.9068613007,16.2559288263,0.489734548892,
33.8,16.9,19.7061721255,16.4211008217,0.508700466442,
33.9,16.95,8.59528028327,16.2028771559,0.464778988986,
34.0,17.0,14.1911568869,16.1790401922,0.453302191482,
34.1,17.05,17.8376173346,16.2794842895,0.462297886957,
34.2,17.1,17.9731078187,16.3819945484,0.47148399756,
34.3,17.15,18.703213422,16.50683282,0.484164560324,
34.4,17.2,19.0656046803,16.6410114688,0.498162694777,
34.5,17.25,22.185890557,16.8785576626,0.528804048106,
34.6,17.3,21.3184194796,17.0813122457,0.553266579617,
34.7,17.35,19.1051302716,17.2038892787,0.564243219899,
34.8,17.4,17.5098007616,17.268836936,0.565634403413,
34.9,17.45,15.7840387745,17.272742168,0.557039498966,
35.0,17.5,12.820443098,17.174437185,0.531902061583,
35.1,17.55,21.2308203364,17.3643903236,0.554224601259,
35.2,17.6,18.3379308221,17.451178887,0.559344199363,
35.3,17.65,20.2717112336,17.6015616165,0.574760124306,
35.4,17.7,15.9256700416,17.5998197232,0.565094530689,
35.5,17.75,21.5836926016,17.7905017104,0.586994282552,
35.6,17.8,19.904324165,17.9194113875,0.598454059433,
35.7,17.85,18.9770347906,18.0133444199,0.604017871925,
35.8,17.9,14.432104286,17.9493347921,0.583711327764,
35.9,17.95,23.5654676813,18.1975788595,0.614702565077,
36.0,18.0,19.202040053,18.2912650554,0.61996088142,
36.1,18.05,18.1898324918,18.3476778351,0.619049568384,
36.2,18.1,15.9908440433,18.3269499819,0.605562159198,
36.3,18.15,15.7616174837,18.2977963726,0.590919631074,
36.4,18.2,15.7836484859,18.2689771588,0.57657067883,
36.5,18.25,12.068909254,18.1128476536,0.54167621269,
36.6,18.3,17.5509581878,18.1459685251,0.538240940118,
36.7,18.35,20.9623277725,18.2941708895,0.553645461452,
36.8,18.4,20.8979972965,18.4366002057,0.567856266372,
36.9,18.45,17.7398923373,18.4676437342,0.563654613355,
37.0,18.5,16.5277635743,18.4558101145,0.552523085296,
37.1,18.55,16.8199564507,18.4532880184,0.543093083884,
37.2,18.6,17.1174975717,18.4601063909,0.53534156122,
37.3,18.65,25.3812392827,18.7482631105,0.573636914518,
37.4,18.7,14.8341915979,18.6699478613,0.551491247867,
37.5,18.75,18.8725371464,18.7301340893,0.552313409441,
37.6,18.8,13.0774541899,18.5903619495,0.520484724907,
37.7,18.85,18.9644866534,18.6534137465,0.522280699745,
37.8,18.9,21.2775770606,18.7935087275,0.536622434631,
37.9,18.95,16.485698901,18.7664942521,0.523454290924,
38.0,19.0,15.2839398679,18.6980742588,0.503742824579,
38.1,19.05,19.6005348833,18.7775590086,0.508494267347,
38.2,19.1,14.0398431261,18.6648130443,0.48179204646,
38.3,19.15,16.9776201041,18.6537054033,0.472115181998,
38.4,19.2,20.3799592867,18.7582793391,0.481477939029,
38.5,19.25,19.6396478025,18.8348930969,0.486124184955,
38.6,19.3,16.6536628808,18.8073256607,0.473690025594,
38.7,19.35,18.5548945372,18.8444523561,0.472018265024,
38.8,19.4,17.827183979,18.8552878458,0.466082511964,
38.9,19.45,19.9288459025,18.9369805994,0.471809042474,
39.0,19.5,20.8323622087,19.0473030614,0.48211507566,
39.1,19.55,23.9218370806,19.2604001022,0.509027869518,
39.2,19.6,20.3309115466,19.3461366028,0.514713465523,
39.3,19.65,23.3829480935,19.5337623575,0.53693673291,
39.4,19.7,18.430857277,19.5479422052,0.530487244444,
39.5,19.75,21.6334831024,19.6704286229,0.541820937907,
39.6,19.8,20.371268716,19.7467030253,0.545426867667,
39.7,19.85,21.7028264753,19.8662109842,0.556030567118,
39.8,19.9,13.1029940266,19.6888570475,0.51800708507,
39.9,19.95,18.7914743367,19.7082300142,0.512714195618,
40.0,20.0,21.0975626752,19.8052147353,0.520175567588,
40.1,20.05,15.8945395387,19.721851506,0.498078577573,
40.2,20.1,21.2654066287,19.8226915044,0.506408095336,
40.3,20.15,22.8127206335,19.9737531093,0.522798878876,
40.4,20.2,17.7178958421,19.947178161,0.509928113402,
40.5,20.25,14.1442491607,19.798178492,0.477285141234,
40.6,20.3,19.5540907775,19.835937441,0.475657898919,
40.7,20.35,17.6917613457,19.8086248911,0.463436182406,
40.8,20.4,20.8297762065,19.8882716945,0.468871960978,
40.9,20.45,24.825921193,20.1022461751,0.496144110642,
41.0,20.5,18.7185965798,20.1028947629,0.488151861438,
41.1,20.55,26.7006948942,20.375448529,0.524670688537,
41.2,20.6,20.1145713425,20.4172105493,0.522923400229,
41.3,20.65,21.8785542824,20.5176415225,0.530780633948,
41.4,20.7,20.5978074946,20.5716450134,0.530931683109,
41.5,20.75,19.4519211745,20.5846702239,0.52439175311,
41.6,20.8,22.4485230166,20.6989942853,0.5344926625,
41.7,20.85,18.9653347841,20.6913890111,0.524527283179,
41.8,20.9,17.171191224,20.6217861903,0.504605262585,
41.9,20.95,21.6414962132,20.7053600262,0.510010047739,
42.0,21.0,21.259333152,20.7735445035,0.51281475,
42.1,21.05,21.5614944188,20.8499934214,0.516922603206,
42.2,21.1,23.4194523381,20.9877023299,0.530962319385,
42.3,21.15,25.1031526702,21.1795842951,0.553615053488,
42.4,21.2,26.8993225981,21.4284628307,0.585201079157,
42.5,21.25,20.2940716186,21.4462284711,0.578549098047,
42.6,21.3,27.3198500806,21.7027724829,0.610979312631,
42.7,21.35,24.8684437271,21.8699346574,0.628291213798,
42.8,21.4,23.6336861514,21.9908738727,0.63777599541,
42.9,21.45,27.4802066955,22.2400094479,0.668030289786,
43.0,21.5,19.6429680349,22.2158052345,0.653176006642,
43.1,21.55,18.9584113536,22.1676061418,0.63464771118,
43.2,21.6,20.2013249551,22.1617269288,0.62332932473,
43.3,21.65,24.1448757466,22.2896823728,0.634040288966,
43.4,21.7,19.1199720502,22.2426306901,0.616011610503,
43.5,21.75,22.6467951976,22.3159351423,0.617921831955,
43.6,21.8,19.1022980917,22.2658259718,0.599657195029,
43.7,21.85,19.4338369745,22.2269913124,0.583530910863,
43.8,21.9,23.9781614013,22.3431775918,0.592970494278,
43.9,21.95,19.4791877732,22.3026038335,0.576669494167,
44.0,22.0,24.2566238398,22.4250575524,0.587244046922,
44.1,22.05,23.1298564227,22.5058543647,0.590846724417,
44.2,22.1,22.7565103859,22.5714838569,0.591914975554,
44.3,22.15,22.4910015761,22.6259035569,0.591136118628,
44.4,22.2,22.6431941698,22.683588333,0.590902902827,
44.5,22.25,22.9258047969,22.7489349231,0.591924061477,
44.6,22.3,19.7788128991,22.7046342066,0.575031825058,
44.7,22.35,20.9028096628,22.6986155469,0.564663735479,
44.8,22.4,16.5886637465,22.5444131735,0.530278202049,
44.9,22.45,27.1804829731,22.7540154727,0.555834422533,
45.0,22.5,20.7537885235,22.739364463,0.544370695246,
45.1,22.55,20.3187302052,22.7092435019,0.530569061249,
45.2,22.6,26.2750827847,22.8823106707,0.550157238744,
45.3,22.65,24.6898292809,22.9971986865,0.559929645281,
45.4,22.7,22.7754253298,23.0437020768,0.558380748886,
45.5,22.75,28.5906548892,23.2871379167,0.589000615813,
45.6,22.8,25.3337044043,23.4139443684,0.600084354575,
45.7,22.85,21.9884559441,23.4232024728,0.591800842383,
45.8,22.9,23.3928335024,23.4793232142,0.591301493846,
45.9,22.95,28.748825249,23.7164598645,0.620355866136,
46.0,23.0,20.9377563338,23.6814447911,0.604515175009,
46.1,23.05,24.894430883,23.7812713573,0.610942003876,
46.2,23.1,25.4519112664,23.8973538783,0.619917244214,
46.3,23.15,25.151023659,24.0000579445,0.626562347167,
46.4,23.2,17.7310512734,23.8464000307,0.591255368425,
46.5,23.25,23.2974007442,23.8847496663,0.587864308209,
46.6,23.3,26.2334069269,24.0217669609,0.600633216107,
46.7,23.35,23.5025089382,24.0620384198,0.597402771496,
46.8,23.4,25.9298282982,24.1835486798,0.607484920449,
46.9,23.45,23.4086640363,24.2157487048,0.602825215466,
47.0,23.5,23.3602206359,24.2447435867,0.597718420405,
47.1,23.55,23.3063507209,24.2704142532,0.592152397637,
47.2,23.6,23.7632893337,24.3102811179,0.588994339458,
47.3,23.65,16.8323597565,24.1116935393,0.546967091048,
47.4,23.7,24.6516072899,24.1829671433,0.549672785888,
47.5,23.75,19.8610340724,24.0884025404,0.52526606543,
47.6,23.8,26.5432840364,24.2230029018,0.538662213289,
47.7,23.85,22.5806093631,24.2189183148,0.529203433214,
47.8,23.9,24.570702654,24.2820490107,0.530869975613,
47.9,23.95,24.4821771229,24.3401595027,0.531689914634,
48.0,24.0,27.6931717414,24.5060639301,0.550090688122,
48.1,24.05,26.9228249969,24.6417596016,0.563260423873,
48.2,24.1,23.4794490967,24.6564522959,0.556464993475,
48.3,24.15,22.8202449504,24.6474657349,0.545915530497,
48.4,24.2,27.8387937914,24.8092203652,0.563406778958,
48.5,24.25,23.4259069502,24.8163768791,0.555378897929,
48.6,24.3,25.83175718,24.9047067061,0.560731225777,
48.7,24.35,22.655634269,24.8820271213,0.547877141975,
48.8,24.4,24.5809829116,24.9246582377,0.545892931757,
48.9,24.45,21.5422173748,24.8618252584,0.526727168624,
49.0,24.5,18.8350347995,24.7067999483,0.492826520074,
49.1,24.55,31.763173979,24.9954720024,0.531899861863,
49.2,24.6,18.56620766,24.8271962216,0.495752030997,
49.3,24.65,25.0307094693,24.882030545,0.496610429086,
49.4,24.7,24.5045804995,24.9170998176,0.494228747911,
49.5,24.75,29.8799276954,25.1343836526,0.521627156743,
49.6,24.8,19.0195531173,24.9758579743,0.487238417662,
49.7,24.85,27.1283982115,25.096456339,0.498969838515,
49.8,24.9,28.4415529909,25.2589301165,0.517344718687,
49.9,24.95,27.7382340861,25.3935997723,0.530881470084,
50.0,25.0,20.3980006732,25.2742051929,0.502728692452,
50.1,24.95,27.6105885857,25.4025804592,0.515476632302,
50.2,24.9,27.3724317927,25.5196648118,0.526173586623,
50.3,24.85,13.6824353534,25.1660789142,0.459872744636,
50.4,24.8,30.0169571889,25.3762198907,0.486666051939,
50.5,24.75,31.0453190061,25.6169022573,0.518007028392,
50.6,24.7,25.4415178169,25.660941435,0.516740185631,
50.7,24.65,21.8244072399,25.5797791886,0.495058537059,
50.8,24.6,25.1902994615,25.6142875932,0.492610640602,
50.9,24.55,23.290451703,25.5824744661,0.479377641867,
51.0,24.5,24.3919067355,25.5881000815,0.472471416799,
51.1,24.45,21.3885015159,25.4902585109,0.448789913197,
51.2,24.4,24.2814796016,25.4923076884,0.441799194394,
51.3,24.35,22.7669866915,25.4418707204,0.426355745144,
51.4,24.3,23.0818007732,25.40242056,0.412957641308,
51.5,24.25,21.634133875,25.3135662194,0.391714429917,
51.6,24.2,26.0173928828,25.3754448614,0.395420718351,
51.7,24.15,24.0160829582,25.3671949503,0.387620070026,
51.8,24.1,21.9351151312,25.2873795452,0.368265763363,
51.9,24.05,22.084654029,25.2135304632,0.35020118771,
52.0,24.0,21.5934366889,25.1236777214,0.329819332547,
52.1,23.95,25.7855371249,25.1781445471,0.333326115074,
52.2,23.9,18.6336847093,24.9867542678,0.296646652459,
52.3,23.85,26.1039802195,25.0535742428,0.30271117394,
52.4,23.8,26.3906101352,25.1284895111,0.309998030468,
52.5,23.75,20.0965562556,24.9865198925,0.281765813343,
52.6,23.7,21.9434065303,24.9097693023,0.264639510535,
52.7,23.65,26.1473872652,24.9776109699,0.271393216881,
52.8,23.6,18.3189598604,24.77633777,0.234111529432,
52.9,23.55,27.3153713801,24.8856923391,0.248139287447,
53.0,23.5,22.0628287297,24.8132185627,0.232259904854,
53.1,23.45,27.6256624656,24.9317350509,0.247813301552,
53.2,23.4,21.8336768991,24.849828077,0.230399545126,
53.3,23.35,20.9925850682,24.7403025214,0.208762088941,
53.4,23.3,28.5140592509,24.8893916791,0.229689116349,
53.5,23.25,23.1426174771,24.8518993045,0.219820573378,
53.6,23.2,24.7079663837,24.8682130629,0.218895388767,
53.7,23.15,24.9485811534,24.8921004558,0.219221480219,
53.8,23.1,17.4787878951,24.6600061584,0.177760698209,
53.9,23.05,26.9747245945,24.7562546852,0.190569039917,
54.0,23.0,26.3235843283,24.828206589,0.199202607136,
54.1,22.95,19.5662939669,24.6676789595,0.169749747752,
54.2,22.9,25.0054437483,24.6956133581,0.171538554309,
54.3,22.85,20.6557661341,24.5741643265,0.14891567222,
54.4,22.8,21.2956008129,24.4765386984,0.130550519104,
54.5,22.75,24.1120336354,24.4766948329,0.128445146735,
54.6,22.7,19.6149666511,24.3230050439,0.101263274844,
54.7,22.65,23.7443409666,24.3130160082,0.0979800280117,
54.8,22.6,22.090359639,24.2465447135,0.0855312878641,
54.9,22.55,22.42202689,24.1924730311,0.0753096124476,
55.0,22.5,25.8274923106,24.2556053037,0.0843849061907,
55.1,22.45,24.9730348667,24.2882656784,0.0883384228919,
55.2,22.4,18.78024911,24.1086225194,0.0575750450453,
55.3,22.35,22.6503841691,24.0643642489,0.0494114273434,
55.4,22.3,23.7257196054,24.0575671689,0.0474955045633,
55.5,22.25,22.4304856686,24.0065670433,0.0383959945996,
55.6,22.2,21.0913003478,23.9106786529,0.0221183065284,
55.7,22.15,22.0239497632,23.8483569441,0.0115850868582,
55.8,22.1,20.9806136118,23.7515026416,-0.00441264827015,
55.9,22.05,18.070799061,23.5570015906,-0.0360872530728,
56.0,22.0,18.4267475035,23.3782467809,-0.0646747472481,
56.1,21.95,18.5630453232,23.2074943071,-0.0914894857529,
56.2,21.9,25.3337978398,23.2713006957,-0.0795816530259,
56.3,21.85,28.5462515274,23.4438271867,-0.0501227925624,
56.4,21.8,24.2156045825,23.4653530548,-0.0457912133758,
56.5,21.75,28.4225257191,23.6302866143,-0.0181232081744,
56.6,21.7,22.6935127781,23.5965323826,-0.0233367942616,
56.7,21.65,24.312252034,23.6187301894,-0.0193327440466,
56.8,21.6,22.7908366706,23.5885789102,-0.0239385109906,
56.9,21.55,23.5576776422,23.5852111352,-0.024097475686,
57.0,21.5,22.7871326413,23.5556182579,-0.0285343294416,
57.1,21.45,22.5113409764,23.517185748,-0.0343415769127,
57.2,21.4,22.1431113454,23.4669252046,-0.0419846197612,
57.3,21.35,17.7360728406,23.2670820391,-0.0739179161341,
57.4,21.3,20.6451505869,23.1703674343,-0.088497262347,
57.5,21.25,27.8387501598,23.3213101056,-0.0624158101232,
57.6,21.2,18.8563622191,23.1627418276,-0.0872787043046,
57.7,21.15,19.1015848852,23.0155672658,-0.109876092046,
57.8,21.1,20.8411694511,22.9306691749,-0.121939824292,
57.9,21.05,24.9212383939,22.9868973496,-0.110771901096,
58.0,21.0,25.9058274815,23.0759205714,-0.0944334259739,
58.1,20.95,14.4727088829,22.7728807776,-0.142354490638,
58.2,20.9,20.9950676559,22.6983946766,-0.152188653755,
58.3,20.85,19.6199885772,22.578525457,-0.169269774358,
58.4,20.8,21.0305436332,22.5092917089,-0.177807330337,
58.5,20.75,22.752635295,22.5004319952,-0.176351233909,
58.6,20.7,16.6793034891,22.2845270332,-0.208713007074,
58.7,20.65,17.0486547061,22.0854910748,-0.237793195359,
58.8,20.6,17.6857202756,21.9122109171,-0.262194850418,
58.9,20.55,21.1128841689,21.85957909,-0.266505895549,
59.0,20.5,18.8426287037,21.7307682636,-0.28318057705,
59.1,20.45,19.4153360246,21.6243135165,-0.295934114529,
59.2,20.4,12.707567483,21.2911005088,-0.345491165501,
59.3,20.35,22.5390041815,21.3003649527,-0.338339878587,
59.4,20.3,21.5499722266,21.2762144175,-0.336759337141,
59.5,20.25,20.4698286092,21.216139718,-0.341068166332,
59.6,20.2,21.3569901938,21.1880101209,-0.340092559427,
59.7,20.15,20.7392807743,21.1398324185,-0.342405145421,
59.8,20.1,19.8949393774,21.0642313189,-0.349156055588,
59.9,20.05,19.2559696077,20.9687313337,-0.359044690016,
60.0,20.0,18.5990820687,20.8530970926,-0.372058251814,
60.1,19.95,23.6466623216,20.9126013839,-0.356273143642,
60.2,19.9,20.0592440768,20.8490372419,-0.360833016604,
60.3,19.85,17.3283835958,20.6939075047,-0.380263877939,
60.4,19.8,17.4049621223,20.5448171175,-0.398391839195,
60.5,19.75,18.2086089472,20.4265250641,-0.411196983859,
60.6,19.7,17.9021718569,20.3005684794,-0.425044133208,
60.7,19.65,17.3350756999,20.1582034486,-0.441343468856,
60.8,19.6,16.2691410304,19.9827114488,-0.462783777653,
60.9,19.55,18.0788270025,19.8729700442,-0.473142267329,
61.0,19.5,14.4603509764,19.6423561983,-0.503060588414,
61.1,19.45,18.8824351828,19.5678069407,-0.507017584101,
61.2,19.4,15.1849091819,19.3691005673,-0.531175024318,
61.3,19.35,19.3970909474,19.3187540247,-0.530722745884,
61.4,19.3,22.7838032388,19.3858744229,-0.511104794726,
61.5,19.25,19.6216111252,19.3445637555,-0.509505260992,
61.6,19.2,17.2054949425,19.2222750113,-0.521149146144,
61.7,19.15,25.5793477091,19.3891227995,-0.485409865978,
61.8,19.1,19.8752005154,19.3588464609,-0.482428694455,
61.9,19.05,21.5768058337,19.3880258481,-0.469791767321,
62.0,19.0,22.0678605789,19.4342052086,-0.454586350956,
62.1,18.95,19.9490736517,19.4078895194,-0.451461822912,
62.2,18.9,20.67501538,19.4075756389,-0.444144256157,
62.3,18.85,16.848177399,19.2772396134,-0.458168453387,
62.4,18.8,18.9836144064,19.2229566735,-0.459550296609,
62.5,18.75,20.827205979,19.2333790232,-0.450348332393,
62.6,18.7,17.682440813,19.1368966909,-0.458745637316,
62.7,18.65,21.0839628952,19.1591087122,-0.447632486513,
62.8,18.6,16.510442899,19.0253860543,-0.462152517586,
62.9,18.55,17.2279764019,18.9193432109,-0.471917628408,
63.0,18.5,21.4057873375,18.9587102752,-0.457789422406,
63.1,18.45,19.8548653955,18.9451114532,-0.452536955572,
63.2,18.4,22.2813988986,19.0153843162,-0.433680611595,
63.3,18.35,22.2231636901,19.0830880589,-0.41555137649,
63.4,18.3,21.5821664179,19.1283308138,-0.401384150029,
63.5,18.25,20.0565098335,19.1212738774,-0.39598456272,
63.6,18.2,15.4811765933,18.9586684189,-0.41606187113,
63.7,18.15,18.0658698892,18.8879822005,-0.420808338771,
63.8,18.1,16.9603561663,18.7814838307,-0.431322624241,
63.9,18.05,18.2028690388,18.7200574085,-0.434308612685,
64.0,18.0,18.9138949354,18.6847325555,-0.432985543069,
64.1,17.95,18.4305144752,18.6342281723,-0.434161684647,
64.2,17.9,18.5803273681,18.590453808,-0.434220149675,
64.3,17.85,18.6517715923,18.5506101107,-0.433636093589,
64.4,17.8,14.3799565225,18.3662422706,-0.45665092508,
64.5,17.75,18.8279640837,18.3379114824,-0.453821605067,
64.6,17.7,16.7232884134,18.2389179671,-0.462572096373,
64.7,17.65,15.397381854,18.0971631904,-0.478159291182,
64.8,17.6,12.3945890658,17.8561587929,-0.509691678695,
64.9,17.55,12.0824102278,17.6096772886,-0.541603369941,
65.0,17.5,23.0829645234,17.7443559954,-0.510780899242,
65.1,17.45,18.477975034,17.7200862023,-0.506405226033,
65.2,17.4,17.8172397169,17.6744948972,-0.505581088433,
65.3,17.35,17.4917175657,17.619419667,-0.506318376858,
65.4,17.3,16.3295865628,17.5264519085,-0.513228482151,
65.5,17.25,13.6171686678,17.3433261726,-0.53474146253,
65.6,17.2,21.722497847,17.4412883969,-0.510023888251,
65.7,17.15,18.5600764184,17.4302505847,-0.503500835761,
65.8,17.1,13.891789236,17.2607330939,-0.522951442188,
65.9,17.05,12.388178828,17.0437592057,-0.549830448025,
66.0,17.0,17.1855682283,16.9954993411,-0.548733084793,
66.1,16.95,18.0397306228,16.9781757076,-0.542604194634,
66.2,16.9,13.6623103527,16.8124862154,-0.560791743453,
66.3,16.85,23.1669889436,16.9754173783,-0.525044688362,
66.4,16.8,12.7088528537,16.7789442764,-0.548543372142,
66.5,16.75,14.3821913983,16.6440816034,-0.561602401328,
66.6,16.7,19.7251814529,16.6951023339,-0.544108231381,
66.7,16.65,15.0381305101,16.5859418124,-0.5530445241,
66.8,16.6,16.1793178273,16.5186349224,-0.555003572261,
66.9,16.55,19.6800464592,16.5730367502,-0.537065243347,
67.0,16.5,12.196330937,16.3716398061,-0.561171400337,
67.1,16.45,17.8711302247,16.3686682528,-0.5524969321,
67.2,16.4,21.1868601816,16.479914224,-0.525321366948,
67.3,16.35,22.6487071382,16.6399266765,-0.490629656785,
67.4,16.3,16.2524427284,16.5793019377,-0.492516779309,
67.5,16.25,17.5871832707,16.5661660229,-0.486621933481,
67.6,16.2,17.2994027342,16.5442165282,-0.482261863889,
67.7,16.15,16.0306497578,16.4800925029,-0.484856722788,
67.8,16.1,17.0896490691,16.4540881053,-0.481187309853,
67.9,16.05,14.8348069057,16.3522923716,-0.489948516275,
68.0,16.0,17.1388502627,16.3318432419,-0.485289259068,
68.1,15.95,18.9055581947,16.3729003356,-0.470666952103,
68.2,15.9,14.422592068,16.2608115277,-0.481279917101,
68.3,15.85,16.4259398864,16.2199691999,-0.480090744788,
68.4,15.8,17.2529207596,16.2088899326,-0.474063029999,
68.5,15.75,14.8112728892,16.1153551947,-0.481592152699,
68.6,15.7,16.3444805333,16.0766690951,-0.48004594264,
68.7,15.65,20.1792631903,16.1704650476,-0.456901135775,
68.8,15.6,9.4226724862,15.8958051244,-0.494273784481,
68.9,15.55,11.8477345143,15.709768587,-0.516571248593,
69.0,15.5,16.1220658881,15.6739619445,-0.513984119269,
69.1,15.45,17.1866189988,15.6759977325,-0.505262543322,
69.2,15.4,18.3479948837,15.7184834353,-0.490081051898,
69.3,15.35,12.9454300941,15.5764113813,-0.505271029441,
69.4,15.3,20.2557731422,15.6874756239,-0.478895951424,
69.5,15.25,12.6210636994,15.5364616005,-0.495728009052,
69.6,15.2,21.0658128748,15.6774864804,-0.464618492113,
69.7,15.15,15.8007028656,15.6368214977,-0.463672322594,
69.8,15.1,19.2972864046,15.7170940259,-0.44300207226,
69.9,15.05,15.496468585,15.6667698649,-0.443985307158,
70.0,15.0,12.9172599605,15.5299542396,-0.45906970461,
70.1,14.95,7.86671957358,15.223809816,-0.501545884925,
70.2,14.9,12.9441977797,15.0974883155,-0.513977913629,
70.3,14.85,16.533393035,15.0969025455,-0.505684331922,
70.4,14.8,13.6978721766,15.0002654234,-0.513203702838,
70.5,14.75,17.0991038506,15.0224028157,-0.501213863824,
70.6,14.7,13.554418603,14.9238417369,-0.509120231973,
70.7,14.65,12.7314521626,14.7997685362,-0.521061662123,
70.8,14.6,16.7156369115,14.8148960119,-0.510087729423,
70.9,14.55,9.9852607338,14.6006308266,-0.536734581076,
71.0,14.5,17.6568302207,14.6532026848,-0.519393129413,
71.1,14.45,13.9777267345,14.5799609423,-0.522870130232,
71.2,14.4,14.1564133394,14.5149902279,-0.524940374863,
71.3,14.35,11.8243036242,14.3723653017,-0.539651615816,
71.4,14.3,12.9034517228,14.2700600152,-0.547541732471,
71.5,14.25,16.2936496303,14.2863101253,-0.535952352436,
71.6,14.2,15.1608300405,14.2644229027,-0.530776943414,
71.7,14.15,15.9992032282,14.2724253715,-0.52080738681,
71.8,14.1,16.1567607081,14.2865001151,-0.510009432242,
71.9,14.05,11.8038132501,14.152423351,-0.523569138981,
72.0,14.0,16.404958802,14.1788104984,-0.510716465758,
72.1,13.95,12.508119685,14.0724063804,-0.519747879204,
72.2,13.9,13.3084373245,13.9961071072,-0.523718142546,
72.3,13.85,9.18417778335,13.7811303515,-0.550258660572,
72.4,13.8,10.4266417164,13.6133820423,-0.568657314421,
72.5,13.75,15.5498514668,13.6246163697,-0.557541964406,
72.6,13.7,13.3208980307,13.5603907566,-0.558924676303,
72.7,13.65,13.1423898821,13.4921272616,-0.560943886005,
72.8,13.6,15.9449745805,13.5217480511,-0.546953381115,
72.9,13.55,12.9552699996,13.4495682308,-0.549807213284,
73.0,13.5,11.8109516349,13.3404843669,-0.558637974629,
73.1,13.45,17.1019030682,13.4150337425,-0.537351824653,
73.2,13.4,15.2431120203,13.4255886053,-0.526858348325,
73.3,13.35,10.5958701376,13.2780285667,-0.542343797235,
73.4,13.3,13.0484425554,13.2178034953,-0.543321603077,
73.5,13.25,16.2230218966,13.2679974467,-0.526260761462,
73.6,13.2,17.7683550364,13.3709189485,-0.500872152372,
73.7,13.15,12.1596227772,13.2811603323,-0.507347352465,
73.8,13.1,21.5991669873,13.5163342559,-0.460681095934,
73.9,13.05,18.9112345681,13.656150727,-0.430340855231,
74.0,13.0,14.6472650096,13.6484471601,-0.424574177689,
74.1,12.95,9.09557738387,13.4518965653,-0.449725398209,
74.2,12.9,13.1848583684,13.3993374015,-0.450963693483,
74.3,12.85,14.1510035711,13.3814615302,-0.446520740439,
74.4,12.8,12.3085021215,13.30167849,-0.452254846876,
74.5,12.75,7.95594294194,13.0753670268,-0.48181185561,
74.6,12.7,7.99162263028,12.8551514746,-0.509891452485,
74.7,12.65,20.3299049679,13.0612708818,-0.467925974023,
74.8,12.6,11.0363493983,12.9468977307,-0.478956529963,
74.9,12.55,8.52708478066,12.7496404291,-0.503335466366,
75.0,12.5,9.20122899247,12.5797989766,-0.522841649264,
75.1,12.45,9.40855186342,12.4209589424,-0.540233789643,
75.2,12.4,12.678191192,12.3775692628,-0.538498148126,
75.3,12.35,14.2387753391,12.3891451835,-0.527819303444,
75.4,12.3,17.0497242233,12.4973899418,-0.501536389215,
75.5,12.25,13.3421248624,12.4778091663,-0.496546260217,
75.6,12.2,12.3182893444,12.4244011192,-0.497158896834,
75.7,12.15,15.5033547092,12.4815727115,-0.479712630336,
75.8,12.1,15.0624340258,12.5234125636,-0.465053583089,
75.9,12.05,16.889195961,12.6276480995,-0.44044952504,
76.0,12.0,12.9240679955,12.5952347465,-0.438551005391,
76.1,11.95,14.7838094421,12.6276481049,-0.426102402107,
76.2,11.9,15.7439917145,12.6929599782,-0.408487262165,
76.3,11.85,12.1058627392,12.6334492845,-0.411533284504,
76.4,11.8,12.7034753976,12.5960942769,-0.410913319315,
76.5,11.75,10.0563864255,12.4696405154,-0.4248462483,
76.6,11.7,11.777198808,12.4049508361,-0.428470576324,
76.7,11.65,10.2884111694,12.2912583975,-0.440034020186,
76.8,11.6,7.67075925503,12.0909041539,-0.465553738658,
76.9,11.55,10.5084927261,11.9918779813,-0.474118067422,
77.0,11.5,13.7048270592,12.0046069289,-0.464301841923,
77.1,11.45,12.2832682014,11.9692831295,-0.462489048265,
77.2,11.4,8.17020628191,11.7948230691,-0.483415783043,
77.3,11.35,16.4401841762,11.9068365762,-0.457242488472,
77.4,11.3,9.45670870949,11.7789685758,-0.470650062061,
77.5,11.25,14.9148555298,11.8406455516,-0.452901102476,
77.6,11.2,13.7674845736,11.8627310202,-0.441904002708,
77.7,11.15,13.5935776723,11.879182769,-0.432005939119,
77.8,11.1,11.0023362748,11.8075015984,-0.436654563282,
77.9,11.05,7.79277623106,11.6281693362,-0.458798215699,
78.0,11.0,18.6180908368,11.8226597718,-0.419564776153,
78.1,10.95,10.0221808023,11.7206253465,-0.4293707503,
78.2,10.9,10.6428912825,11.6423355935,-0.43514104472,
78.3,10.85,13.8556385921,11.6759231129,-0.422556451534,
78.4,10.8,12.8672221083,11.6758104779,-0.415677833278,
78.5,10.75,11.9777650649,11.6459787509,-0.413762264101,
78.6,10.7,11.8766334041,11.6138961542,-0.412245349881,
78.7,10.65,12.0889008329,11.590308011,-0.409366722882,
78.8,10.6,11.2569516752,11.5393811491,-0.41099733021,
78.9,10.55,12.3721480899,11.5281360904,-0.406124424659,
79.0,10.5,12.3359220459,11.5165082272,-0.401393536771,
79.1,10.45,12.2925111137,11.5042514573,-0.396842517523,
79.2,10.4,9.02553421257,11.3812403803,-0.410443193423,
79.3,10.35,8.06037651634,11.2281447065,-0.428732311597,
79.4,10.3,10.5046842451,11.1620199763,-0.43252744121,
79.5,10.25,10.5688181293,11.0999788382,-0.435594098994,
79.6,10.2,8.44346036506,10.967150614,-0.450164631439,
79.7,10.15,9.61616295452,10.8775171104,-0.457447063054,
79.8,10.1,9.37529879995,10.7820136177,-0.465568734841,
79.9,10.05,8.40502682845,10.6558402212,-0.478563812023,
80.0,10.0,5.55744964949,10.4354380067,-0.506726890934,
80.1,9.95,14.6009223338,10.528805591,-0.483216513958,
80.2,9.9,8.60808239063,10.4165154418,-0.493657507047,
80.3,9.85,13.4460589881,10.4723371723,-0.476488716139,
80.4,9.8,9.74882166549,10.4015980755,-0.480257522499,
80.5,9.75,10.5600929727,10.3606278695,-0.479105910188,
80.6,9.7,6.33139873764,10.176699998,-0.501306767366,
80.7,9.65,9.12672640082,10.0924108099,-0.506882148902,
80.8,9.6,5.89587350307,9.9000843129,-0.530000470791,
80.9,9.55,6.56938103305,9.73510521286,-0.548277787865,
81.0,9.5,12.1761052536,9.7655445909,-0.53436040939,
81.1,9.45,9.87613094814,9.71771219115,-0.53344577827,
81.2,9.4,6.96192083474,9.5720415516,-0.548515317255,
81.3,9.35,9.48491352184,9.51608732954,-0.548695299317,
81.4,9.3,7.06968634451,9.37951381103,-0.562031094413,
81.5,9.25,6.43454196773,9.22461915935,-0.57813961259,
81.6,9.2,5.4289698612,9.03910624811,-0.598982744737,
81.7,9.15,7.73582671795,8.93672924826,-0.605916158729,
81.8,9.1,11.6837872739,8.97205783187,-0.590259981495,
81.9,9.05,12.3943276232,9.03196639793,-0.57084737991,
82.0,9.0,12.6687324321,9.10107792662,-0.550249517019,
82.1,8.95,13.8529448761,9.21027504281,-0.523445050239,
82.2,8.9,9.68326862845,9.17587812416,-0.520515629796,
82.3,8.85,7.79142683615,9.07830661969,-0.527945433691,
82.4,8.8,11.1792592596,9.09909243207,-0.515935584912,
82.5,8.75,6.10264977376,8.94689140856,-0.532356821647,
82.6,8.7,10.2783057291,8.94096073999,-0.524635656753,
82.7,8.65,7.7591522949,8.84991437377,-0.530933174551,
82.8,8.6,9.38405858748,8.81688336762,-0.527658586893,
82.9,8.55,12.399308536,8.88830973124,-0.507387825842,
83.0,8.5,8.08851648341,8.81198034338,-0.511564746385,
83.1,8.45,9.98296726174,8.80257702637,-0.504749760184,
83.2,8.4,10.3815592357,8.80777062664,-0.495663487413,
83.3,8.35,6.00368429126,8.66409919346,-0.511023400012,
83.4,8.3,10.7588288478,8.68630679567,-0.499057688365,
83.5,8.25,4.9282256989,8.50971537777,-0.519735428667,
83.6,8.2,9.76905786308,8.50254147555,-0.512423192895,
83.7,8.15,7.13360340199,8.40628155943,-0.519771003662,
83.8,8.1,4.90858577221,8.23658534665,-0.538985218164,
83.9,8.05,12.649808756,8.33530103296,-0.514075396211,
84.0,8.0,7.74456864991,8.26546806525,-0.517082810387,
84.1,7.95,8.01817378493,8.20707780801,-0.518173448273,
84.2,7.9,7.05740477659,8.11775345558,-0.524295374226,
84.3,7.85,6.74940979602,8.02036718879,-0.531633250154,
84.4,7.8,6.69822404246,7.92385059213,-0.538709408338,
84.5,7.75,7.19010187496,7.84675238997,-0.542500581854,
84.6,7.7,7.61846414929,7.78655651258,-0.543471063566,
84.7,7.65,7.54547248353,7.7258297488,-0.544512356722,
84.8,7.6,5.54163824224,7.5986183266,-0.556388336777,
84.9,7.55,9.99330057549,7.62669196315,-0.542724715583,
85.0,7.5,8.77838779739,7.61362004551,-0.535999925832,
85.1,7.45,5.51527014241,7.4901634667,-0.547401977756,
85.2,7.4,6.64642125526,7.40846790048,-0.551801656113,
85.3,7.35,9.59268264711,7.42979414917,-0.539314213548,
85.4,7.3,9.94915912303,7.46377651161,-0.524964850351,
85.5,7.25,4.94182900666,7.3269140035,-0.538735145,
85.6,7.2,5.42492834019,7.20990181124,-0.54904069414,
85.7,7.15,10.2726584237,7.26150912063,-0.531655815534,
85.8,7.1,6.5810176664,7.18691165457,-0.535153946105,
85.9,7.05,9.95977479389,7.22995631103,-0.519393331746,
86.0,7.0,9.03641307803,7.24150699528,-0.509030436646,
86.1,6.95,7.43518074265,7.19895964323,-0.507666613492,
86.2,6.9,7.7366107374,7.16829561422,-0.504385444599,
86.3,6.85,8.50628023197,7.16529098912,-0.496643239595,
86.4,6.8,9.99519016081,7.21400372077,-0.480586052197,
86.5,6.75,13.577547079,7.38499030204,-0.444833308976,
86.6,6.7,1.25323510485,7.13254215849,-0.478777504076,
86.7,6.65,8.5886279409,7.13604563455,-0.47039101622,
86.8,6.6,7.28601497038,7.09573710512,-0.469292446453,
86.9,6.55,0.941183618468,6.84014773175,-0.50335013164,
87.0,6.5,5.8208825546,6.75671030679,-0.508753135687,
87.1,6.45,1.64244474409,6.5328499471,-0.536987903291,
87.2,6.4,1.98293266938,6.32554289745,-0.562059975132,
87.3,6.35,11.1992877201,6.4377631377,-0.534569300139,
87.4,6.3,6.73518650262,6.39629363923,-0.53261270128,
87.5,6.25,5.28334773946,6.30682943283,-0.538521775591,
87.6,6.2,5.74266910445,6.23554314993,-0.54136738522,
87.7,6.15,8.35807863103,6.2557699753,-0.529229700537,
87.8,6.1,9.6182162806,6.31952926408,-0.510184722167,
87.9,6.05,2.49031708148,6.13943304334,-0.531252902996,
88.0,6.0,4.60217364197,6.03560397651,-0.539528816891,
88.1,5.95,12.2236642792,6.19490247097,-0.504721744362,
88.2,5.9,2.97225483198,6.03605648135,-0.522410611432,
88.3,5.85,3.98185586344,5.91542071839,-0.533574053327,
88.4,5.8,10.9157829398,6.03471797322,-0.505393211603,
88.5,5.75,0.984797540711,5.81338040631,-0.533271047776,
88.6,5.7,2.5964711269,5.65197306646,-0.550911996449,
88.7,5.65,3.91652621029,5.53947440137,-0.560282092199,
88.8,5.6,8.64595225583,5.5914896631,-0.542647144198,
88.9,5.55,-0.774493568239,5.32159216806,-0.577842911606,
89.0,5.5,4.32838147998,5.23185008372,-0.583059090022,
89.1,5.45,8.49714002739,5.28709109754,-0.564525863884,
89.2,5.4,5.87344359812,5.25259922564,-0.560941417229,
89.3,5.35,4.32885710622,5.16686286437,-0.565779645729,
89.4,5.3,1.62084985078,4.99107226692,-0.585237633921,
89.5,5.25,-3.9715281787,4.62835071513,-0.634889057864,
89.6,5.2,7.33358194635,4.65945202599,-0.619449961571,
89.7,5.15,3.02655060337,4.54383706632,-0.628210019049,
89.8,5.1,3.68994745013,4.45399009289,-0.632621221304,
89.9,5.05,11.6168587855,4.63760062145,-0.592326455506,
90.0,5.0,4.91122262965,4.58973958164,-0.590470372263,
90.1,4.95,6.22653888402,4.58862923166,-0.581013896476,
90.2,4.9,4.77940285724,4.53903037764,-0.579626105318,
90.3,4.85,3.36777811989,4.44303347555,-0.585834095008,
90.4,4.8,0.898769397639,4.26536569737,-0.605271147807,
90.5,4.75,10.8419313914,4.43158741078,-0.568261009579,
90.6,4.7,5.09771225581,4.39946011766,-0.56422964898,
90.7,4.65,-0.0406163609748,4.19327454945,-0.588674029548,
90.8,4.6,2.86796034005,4.09114041246,-0.595736062989,
90.9,4.55,3.41729071021,4.01058075264,-0.599161424646,
91.0,4.5,5.87649009441,4.01645827683,-0.58842252594,
91.1,4.45,2.64465861925,3.9127603078,-0.595743914453,
91.2,4.4,6.67086842371,3.94944887743,-0.580031791376,
91.3,4.35,4.8774960685,3.92513300272,-0.574533320653,
91.4,4.3,4.467891557,3.88818523625,-0.571186384649,
91.5,4.25,3.36362281377,3.81509690543,-0.573792971533,
91.6,4.2,7.23177749858,3.87640496611,-0.554420719184,
91.7,4.15,2.35588375354,3.77091010935,-0.562590377658,
91.8,4.1,0.915050883562,3.61900587265,-0.578201669067,
91.9,4.05,4.2821427772,3.58581639509,-0.574181426825,
92.0,4.0,3.65347725255,3.53267143609,-0.573483954119,
92.1,3.95,2.68695399982,3.44838929705,-0.577880102857,
92.2,3.9,4.96249914115,3.44430341309,-0.569114795734,
92.3,3.85,6.59154108321,3.49685809378,-0.551247635164,
92.4,3.8,0.713841061524,3.34853795192,-0.566459064753,
92.5,3.75,4.08164833735,3.31887318296,-0.562055180346,
92.6,3.7,-0.0237705268502,3.15039019189,-0.5803812058,
92.7,3.65,1.77526306518,3.04735520334,-0.587725633184,
92.8,3.6,2.43703731974,2.96973971306,-0.590801191886,
92.9,3.55,8.30698020824,3.09501883233,-0.560709918852,
93.0,3.5,6.0661979953,3.14237044505,-0.54382919262,
93.1,3.45,6.00955795409,3.18779970111,-0.527537763751,
93.2,3.4,6.35570687764,3.24507619222,-0.509578529115,
93.3,3.35,2.58161026283,3.17319268818,-0.51299403184,
93.4,3.3,2.83334181847,3.11203524793,-0.514603069105,
93.5,3.25,4.84076628666,3.12139318076,-0.50467626385,
93.6,3.2,2.09609362227,3.03762151529,-0.510112177675,
93.7,3.15,4.2303206328,3.02910026553,-0.503176928651,
93.8,3.1,4.94492456695,3.04595360765,-0.492213214705,
93.9,3.05,3.2720535143,3.006138327,-0.490677952656,
94.0,3.0,4.92203445238,3.02420131915,-0.479720807952,
94.1,2.95,3.03469159357,2.97822653912,-0.479394806809,
94.2,2.9,-1.93234874644,2.76416056263,-0.506510115947,
94.3,2.85,6.32389907198,2.83685445773,-0.48637765448,
94.4,2.8,2.92519825391,2.79289651362,-0.485613810026,
94.5,2.75,1.51249639355,2.70225074437,-0.492482859973,
94.6,2.7,2.81819271203,2.65864599803,-0.491561716591,
94.7,2.65,-0.0953356093744,2.5170825005,-0.50664451958,
94.8,2.6,0.818299451741,2.41011192607,-0.515834853186,
94.9,2.55,4.01316431153,2.41505721857,-0.506608177583,
95.0,2.5,-2.21529405105,2.2079364155,-0.532145710588,
95.1,2.45,2.48448936704,2.16598798181,-0.530306841983,
95.2,2.4,2.71162896283,2.13341024327,-0.526968494649,
95.3,2.35,7.01082911196,2.24914526513,-0.499476900142,
95.4,2.3,2.15815451316,2.19779538496,-0.499705766822,
95.5,2.25,0.145404439104,2.07941436332,-0.510871778325,
95.6,2.2,4.33032695785,2.10697242459,-0.498035234943,
95.7,2.15,5.91399992807,2.1889332053,-0.476528552191,
95.8,2.1,4.18488021653,2.21109764635,-0.465132913209,
95.9,2.05,2.53293019172,2.17716847721,-0.463078921993,
96.0,2.0,1.9400590935,2.12434206615,-0.464142880231,
96.1,1.95,4.10803567032,2.14728413624,-0.452822475971,
96.2,1.9,4.14729994041,2.17187720151,-0.44141736747,
96.3,1.85,0.494087198797,2.07192370491,-0.450527010786,
96.4,1.8,2.54649310335,2.04462330978,-0.447629464182,
96.5,1.75,1.1859381936,1.97205362575,-0.452168103745,
96.6,1.7,1.37576677864,1.90801012594,-0.455241012144,
96.7,1.65,2.41557223872,1.8813815946,-0.452156861022,
96.8,1.6,-0.869719132097,1.74372238241,-0.467245572641,
96.9,1.55,0.593212801905,1.65928824841,-0.473400562101,
97.0,1.5,2.25726081873,1.63399457397,-0.469802132759,
97.1,1.45,1.23942247329,1.5751392739,-0.471740394611,
97.2,1.4,-3.47201515208,1.35714651512,-0.499621572496,
97.3,1.35,1.8880690944,1.32702963307,-0.496382409656,
97.4,1.3,1.53778214626,1.28628735003,-0.494930403773,
97.5,1.25,-0.0707861000284,1.19212229222,-0.502221808775,
97.6,1.2,1.68404665527,1.16042193966,-0.49919866007,
97.7,1.15,1.11461136227,1.11064246289,-0.499175745619,
97.8,1.1,3.78753032596,1.1538831363,-0.48397037648,
97.9,1.05,3.77316229117,1.19662426231,-0.469094727235,
98.0,1.0,-3.29530739833,0.99785559439,-0.49388131533,
98.1,0.95,-2.56077431503,0.828578155311,-0.513449750941,
98.2,0.9,-1.17358264543,0.710585746586,-0.524328002224,
98.3,0.85,-5.94059810631,0.43271402125,-0.561124336949,
98.4,0.8,3.93713008584,0.498243048353,-0.541269913381,
98.5,0.75,-2.00275594726,0.360521420677,-0.554914301627,
98.6,0.7,-2.25960670594,0.217412055614,-0.569215376114,
98.7,0.65,-0.828336213648,0.126708362299,-0.574729328544,
98.8,0.6,1.02761325953,0.101977332593,-0.569385167028,
98.9,0.55,2.55199545933,0.130686176504,-0.555405731366,
99.0,0.5,0.390923087515,0.0859337867722,-0.553644874817,
99.1,0.45,1.94982555275,0.096138535551,-0.542942607834,
99.2,0.4,2.32164549027,0.119731125081,-0.530229849319,
99.3,0.35,1.66972561728,0.121473433475,-0.521291011168,
99.4,0.3,-6.60539852666,-0.158690767547,-0.558511095769,
99.5,0.25,-0.131497304181,-0.211704752476,-0.55804801785,
99.6,0.2,0.47229359043,-0.242235009972,-0.553922685053,
99.7,0.15,-0.321491739,-0.298442580992,-0.554055759428,
99.8,0.1,-4.32749388083,-0.489603304178,-0.576213831004,
99.9,0.05,-2.7644043375,-0.622972142083,-0.588577395549,
100.0,-3.1918911958e-16,-3.39283064015,-0.77444818048,-0.603694633728,
